Column,Missing_Count,Missing_Percentage
Ticket_ID,0,0.0
Customer_Age,0,0.0
Customer_Gender,0,0.0
Product_Purchased,0,0.0
Date_of_Purchase,0,0.0
Ticket_Type,0,0.0
Ticket_Subject,0,0.0
Ticket_Description,0,0.0
Ticket_Status,0,0.0
Resolution,5700,67.30428622033298
Ticket_Priority,0,0.0
Ticket_Channel,0,0.0
First_Response_Time,2819,33.28610225528398
Time_to_Resolution,5700,67.30428622033298
Customer_Satisfaction_Rating,5700,67.30428622033298
CSAT_Category,5700,67.30428622033298
Customer_ID_Anon,0,0.0
Purchase_Year,0,0.0
Purchase_Month,0,0.0
Purchase_Month_Name,0,0.0
Purchase_Day,0,0.0
Purchase_Day_Name,0,0.0
Has_Resolution,0,0.0
Has_First_Response,0,0.0
