Product Purchased,Count,Percentage
Canon EOS,240,2.8338646829613885
GoPro Hero,228,2.6921714488133195
Nest Thermostat,225,2.6567481402763016
Philips Hue Lights,221,2.6095170622269452
Amazon Echo,221,2.6095170622269452
LG Smart TV,219,2.585901523202267
Sony Xperia,217,2.562285984177589
Roomba Robot Vacuum,216,2.5504782146652496
LG OLED,213,2.5150549061282326
Apple AirPods,213,2.5150549061282326
iPhone,212,2.5032471366158933
Sony 4K HDR TV,210,2.479631597591215
LG Washing Machine,208,2.456016058566537
Garmin Forerunner,208,2.456016058566537
Canon DSLR Camera,206,2.4324005195418588
Nikon D,204,2.40878498051718
Nintendo Switch Pro Controller,203,2.3969772110048413
Google Pixel,203,2.3969772110048413
Sony PlayStation,202,2.385169441492502
Fitbit Charge,202,2.385169441492502
Microsoft Office,200,2.361553902467824
HP Pavilion,200,2.361553902467824
Dyson Vacuum Cleaner,198,2.3379383634431457
Amazon Kindle,198,2.3379383634431457
Google Nest,198,2.3379383634431457
Bose SoundLink Speaker,197,2.3261305939308063
Autodesk AutoCAD,196,2.3143228244184675
Microsoft Xbox Controller,196,2.3143228244184675
Samsung Galaxy,194,2.290707285393789
PlayStation,192,2.2670917463691107
Fitbit Versa Smartwatch,191,2.255283976856772
Microsoft Surface,190,2.2434762073444325
Bose QuietComfort,190,2.2434762073444325
Samsung Soundbar,188,2.2198606683197544
Xbox,187,2.208052898807415
Asus ROG,187,2.208052898807415
MacBook Pro,186,2.196245129295076
Dell XPS,185,2.184437359782737
GoPro Action Camera,183,2.1608218207580587
Lenovo ThinkPad,183,2.1608218207580587
Adobe Photoshop,181,2.1372062817333806
Nintendo Switch,178,2.101782973196363
