Ticket Subject,Count,Percentage
Refund request,576,6.801275239107333
Software bug,574,6.777659700082654
Product compatibility,567,6.69500531349628
Delivery problem,561,6.624158696422246
Hardware issue,547,6.458849923249497
Battery life,542,6.399811075687803
Network problem,539,6.364387767150785
Installation support,530,6.2581178415397325
Product setup,529,6.246310072027394
Payment issue,526,6.210886763490377
Product recommendation,517,6.104616837879324
Account access,509,6.0101546817806115
Peripheral compatibility,496,5.856653678120203
Data loss,491,5.797614830558508
Cancellation request,487,5.75038375250915
Display issue,478,5.644113826898099
